major,carevaluation_entropy
0,3.9493819420900538
2,4.106400566267061
4,4.174557450667925
6,4.282304449871134
8,4.363693068710935
10,4.414136959468963
12,4.480874060345211
14,4.575389357324367
16,4.619882701931548
18,4.641974371807835
20,4.67310646500979
22,4.676057943611235
24,4.671045816274034
26,4.711187752405793
28,4.707089052879555
30,4.701773877962567
32,4.704965117801193
34,4.726168590455294
36,4.731352750597171
38,4.735860310968068
40,4.730496996753907
