major,chesskingrookvsking_entropy
0,3.1956273626983633
5,3.181793904881345
