major,recognitionhandwrittendigits_entropy
0,2.604488474352414
5,3.0387790956066105
10,3.1829720642669637
