Major,Entropy
0,1.2832335567667672
1,1.3393254550256715
