,Major,Minor,Validation,Test
0,0,0,0.8613333333333334,0.864
1,0,1,0.848,0.864
2,1,0,0.8453333333333334,0.88
3,1,1,0.8346666666666667,0.872
