Major,Entropy
0,1.2787799219136793
1,1.267512898875566
