,Major,Minor,Validation,Test
0,0,0,0.9786666666666667,0.984
1,0,1,0.9706666666666667,0.984
2,1,0,0.9706666666666667,0.984
3,1,1,0.9626666666666667,0.984
