Major,Entropy
0,1.1509939592166962
1,1.2416077061698143
