major,occupancydetection_entropy
0,2.6433184800959486
5,3.125780392851676
10,3.1619135379753636
15,3.1816418153064108
20,3.19871502705528
25,3.1963103115448317
