major,statelog_entropy
0,1.6971774286420558
5,1.7872766945720995
10,2.02349077661851
15,2.127511404642392
