major,turkyiestudentevaluation_entropy
0,4.999826633228611
1,5.115194511426876
2,4.955777774978133
3,5.250264417953105
4,5.056965493390411
5,5.3052340778981755
6,5.659716194887426
